﻿﻿"Company","Role Title","Description","Pay","Experience Level Gained","Location","Start Date","End Date","Application Deadline","Posting URL","Date Found","Status"
"Anduril","Electrical Engineer Intern","Electrical engineering internship on defense hardware. 2027/Summer 2027 hiring cycle. Requires US citizen/permanent resident status, no visa sponsorship.","Not listed","Unknown","Location not listed","2027 (Summer 2027 cycle)","Not listed","Not listed","https://job-boards.greenhouse.io/andurilindustries/jobs/5148101007","2026-08-07","Still open"
"Anduril","Manufacturing Engineer Intern","Manufacturing engineering internship on defense hardware. 2027/Summer 2027 hiring cycle. Requires US citizen/permanent resident status, no visa sponsorship.","Not listed","Unknown","Irvine, CA","2027 (Summer 2027 cycle)","Not listed","Not listed","https://job-boards.greenhouse.io/andurilindustries/jobs/5153218007","2026-08-07","Still open"
"Anduril","Software Engineer Intern","Software engineering internship. 2027/Summer 2027 hiring cycle. Stretch fit: software rather than core aero/mechanical. Requires US citizen/permanent resident status, no visa sponsorship.","Not listed","Unknown","Location not listed","2027 (Summer 2027 cycle)","Not listed","Not listed","https://job-boards.greenhouse.io/andurilindustries/jobs/5148079007","2026-08-07","Still open"
"Boeing","Summer 2027 Internship Program - Quality Engineering Intern","Quality engineering internship. Stretch fit: quality rather than core design work. Requires US Person status.","Not listed","Unknown","Seattle, WA","Summer 2027","Not listed","October 23, 2026","https://jobs.boeing.com/job/seattle/boeing-summer-2027-internship-program-paid-quality-engineering-intern/185/98720781296","2026-08-07","Still open"
"Boeing","Summer 2027 Internship Program - Facilities Engineering Intern","Facilities engineering internship. Stretch fit: facilities rather than core design work. Requires US Person status.","Not listed","Unknown","Everett, WA","Summer 2027","Not listed","October 23, 2026","https://jobs.boeing.com/job/everett/boeing-summer-2027-internship-program-paid-facilities-engineering/185/98720782320","2026-08-07","Still open"
"Blue Origin","Spring 2027 Engineering Intern - Undergraduate","Rolling, multi-discipline undergraduate engineering internship pool spanning aero/mechanical and software; applications accepted on an ongoing basis until the requisition closes (no fixed deadline, unlike Blue Origin's single-role Spring 2027 reqs which closed July 15, 2026). Requires US citizen/permanent resident/asylee status (ITAR).","$25-$46/hr","Undergraduate","Multiple sites","Spring 2027","Not listed","Not listed","https://blueorigin.wd5.myworkdayjobs.com/en-US/BlueOrigin/job/Spring-2027--Engineering-Intern---Undergraduate_R69064","2026-08-09","Still open"
"SpaceX","Summer 2027 Engineering Internship/Co-op","Multi-discipline engineering internship/co-op, minimum 12 weeks, starting May or June 2027. Core aerospace/mechanical fit. Requires US person status (ITAR).","$28-$30/hr (by class year)","Undergraduate (Freshman-Senior)","Multiple sites incl. Cape Canaveral, FL","Summer 2027","Not listed","Not listed","https://job-boards.greenhouse.io/spacex/jobs/8621740002","2026-08-10","Still open"
"SpaceX","Summer 2027 Software Engineering Internship/Co-op","Software engineering internship/co-op, minimum 12 weeks, starting May or June 2027. Stretch fit: software rather than core aero/mechanical. Requires US person status (ITAR).","$30-$40/hr (by class year)","Undergraduate through PhD","Multiple sites incl. Cape Canaveral, FL","Summer 2027","Not listed","Not listed","https://job-boards.greenhouse.io/spacex/jobs/8621757002","2026-08-10","Still open"
"SpaceX","Spring 2027 Engineering Internship/Co-op","Multi-discipline engineering internship/co-op, minimum 12 weeks, start date choice of January or March 2027. Core aerospace/mechanical fit. Requires US person status (ITAR).","$28-$30/hr (by class year)","Undergraduate (Freshman-Senior)","Multiple sites incl. Cape Canaveral, FL","Spring 2027","Not listed","Not listed","https://job-boards.greenhouse.io/spacex/jobs/8616338002","2026-08-10","Still open"
"Stoke Space","Summer 2027 Internship - Engineering","Rocket engineering internship (mechanical, test, avionics, or manufacturing) at a Space Coast launch/rocket startup. Small-company regional find, not one of the national primes. Application window Sept-Nov 2026. Requires US citizen/permanent resident status or State Dept ITAR authorization eligibility.","$28-$33/hr (by class year)","Undergraduate through Master's","Cape Canaveral, FL (also Kent, WA and Moses Lake, WA)","Summer 2027","Not listed","Not listed","https://job-boards.greenhouse.io/stokespacetechnologies/jobs/6175828004","2026-09-10","New"
"Pursuit Aerospace","Intern, CNC Programming","CNC programming internship at an aircraft engine component manufacturer -- CAD/CAM program development, optimization, and shop-floor troubleshooting. Small regional manufacturer (Stuart, FL), not one of the primes. Req ID 4942. No relocation/housing assistance. Subject to ITAR/EAR; must be authorized to work in the US without current or future sponsorship.","$18.00-$28.00/hr","Currently pursuing a degree (no grad-only restriction stated)","Stuart, FL","Summer 2027 (late May start)","Not listed","Not listed","https://workforcenow.adp.com/mascsr/default/mdf/recruitment/recruitment.html?cid=3f003dc7-1976-44db-b5e0-0c1851def895&ccId=19000101_000001&type=JS&lang=en_US&selectedMenuKey=CareerCenter&jobId=542365","2026-09-18","New"
"Pursuit Aerospace","Intern, Engineering","General engineering internship at an aircraft engine component manufacturer, supporting multiple departments (Overhaul, Quality, TCF, LM2500). Small regional manufacturer (Stuart, FL), not one of the primes. Req ID 4943. No relocation/housing assistance. Subject to ITAR/EAR; must be authorized to work in the US without current or future sponsorship.","$18.00-$28.00/hr","Currently pursuing a degree (no grad-only restriction stated)","Stuart, FL","Summer 2027 (late May start)","Not listed","Not listed","https://workforcenow.adp.com/mascsr/default/mdf/recruitment/recruitment.html?cid=3f003dc7-1976-44db-b5e0-0c1851def895&ccId=19000101_000001&type=JS&lang=en_US&selectedMenuKey=CareerCenter&jobId=542360","2026-09-18","New"
"Pursuit Aerospace","Intern, KPO","Kaizen Promotion Office internship at an aircraft engine component manufacturer -- continuous improvement, fixture/tooling design and build, process optimization. Small regional manufacturer (Stuart, FL), not one of the primes. Req ID 4941. No relocation/housing assistance. Subject to ITAR/EAR; must be authorized to work in the US without current or future sponsorship.","$18.00-$28.00/hr","Currently pursuing a degree (no grad-only restriction stated)","Stuart, FL","Summer 2027 (late May start)","Not listed","Not listed","https://workforcenow.adp.com/mascsr/default/mdf/recruitment/recruitment.html?cid=3f003dc7-1976-44db-b5e0-0c1851def895&ccId=19000101_000001&type=JS&lang=en_US&selectedMenuKey=CareerCenter&jobId=542363","2026-09-18","New"
"Textron (McCauley)","2027 Internship - Engineer","Propeller Design Engineer internship at Textron Aviation's McCauley propeller division -- design, development, and testing of aircraft propeller components (composite/aluminum blades, propeller systems) using CATIA. Southeast regional find (GA). Citizenship/clearance requirement not stated on this specific listing -- verify directly before applying.","Not listed","Unknown","Columbus, GA","Summer 2027 (late May/early June start)","Not listed","Not listed","https://careers.textron.com/columbus-ga/2027-internship-engineer-mccauley-columbus-ga/11E14F438A9D42B696511E8539306B0F/job/","2026-10-05","New"



